{"cameraMode":{"drawMode":0,"name":"Shaded","section":"Shading Mode"},"sceneLighting":false,"audioPlay":false,"sceneViewState":{"showFog":true,"showMaterialUpdate":false,"showSkybox":true,"showFlares":true,"showImageEffects":true,"showParticleSystems":true},"in2DMode":false,"pivot":{"x":0.15000009536743165,"y":0.039999961853027347,"z":-2.940000057220459},"rotation":{"x":0.08930801600217819,"y":0.22507333755493165,"z":-0.020722121000289918,"w":0.9700189232826233},"size":22.863069534301759,"orthographic":false}